{
    "rmse": 0.741406031064282,
    "mae": 0.5739379038245946,
    "r2": 0.2629373431685281
}